<?xml version="1.0"?>
<OSCOutputGroup>
  <oscMessage>/wek/outputs</oscMessage>
  <hostName>localhost</hostName>
  <outputPort>12000</outputPort>
  <outputs class="linked-list">
    <wekimini.osc.OSCNumericOutput>
      <name>outputs-1</name>
      <min>0.0</min>
      <max>1.0</max>
      <outputType>REAL</outputType>
      <limitType>SOFT</limitType>
      <trainingDataLimitRestriction>DONT_ENFORCE_LIMITS</trainingDataLimitRestriction>
      <trainingDataIntegerRestriction>DONT_ENFORCE_INTEGER</trainingDataIntegerRestriction>
    </wekimini.osc.OSCNumericOutput>
    <wekimini.osc.OSCNumericOutput>
      <name>outputs-2</name>
      <min>0.0</min>
      <max>1.0</max>
      <outputType>REAL</outputType>
      <limitType>SOFT</limitType>
      <trainingDataLimitRestriction>DONT_ENFORCE_LIMITS</trainingDataLimitRestriction>
      <trainingDataIntegerRestriction>DONT_ENFORCE_INTEGER</trainingDataIntegerRestriction>
    </wekimini.osc.OSCNumericOutput>
    <wekimini.osc.OSCNumericOutput>
      <name>outputs-3</name>
      <min>0.0</min>
      <max>1.0</max>
      <outputType>REAL</outputType>
      <limitType>SOFT</limitType>
      <trainingDataLimitRestriction>DONT_ENFORCE_LIMITS</trainingDataLimitRestriction>
      <trainingDataIntegerRestriction>DONT_ENFORCE_INTEGER</trainingDataIntegerRestriction>
    </wekimini.osc.OSCNumericOutput>
    <wekimini.osc.OSCClassificationOutput>
      <name>outputs-4</name>
      <numClasses>2</numClasses>
      <isSendingDistribution>false</isSendingDistribution>
    </wekimini.osc.OSCClassificationOutput>
    <wekimini.osc.OSCClassificationOutput>
      <name>outputs-5</name>
      <numClasses>2</numClasses>
      <isSendingDistribution>false</isSendingDistribution>
    </wekimini.osc.OSCClassificationOutput>
    <wekimini.osc.OSCClassificationOutput>
      <name>outputs-6</name>
      <numClasses>2</numClasses>
      <isSendingDistribution>false</isSendingDistribution>
    </wekimini.osc.OSCClassificationOutput>
  </outputs>
</OSCOutputGroup>